'Trem Bala','Ana Vilela','Não é sobre ter todas as pessoas do mundo pra si É sobre saber que em algum lugar alguém zela por ti É sobre cantar e poder escutar mais do que a própria voz É sobre dançar na chuva de vida que cai sobre nós É saber se sentir infinito Num universo tão vasto e bonito, é saber sonhar Então fazer valer a pena Cada verso daquele poema sobre acreditar Não é sobre chegar No topo do mundo e saber que venceu É sobre escalar e sentir que o caminho te fortaleceu É sobre ser abrigo E também ter morada em outros corações E assim ter amigos contigo em todas as situações A gente não pode ter tudo Qual seria a graça do mundo se fosse assim? Por isso eu prefiro sorrisos E os presentes que a vida trouxe pra perto de mim Não é sobre tudo que o seu dinheiro é capaz de comprar E sim sobre cada momento, sorriso a se compartilhar Também não é sobre Correr contra o tempo pra ter sempre mais Porque quando menos se espera a vida já ficou pra trás Segura teu filho no colo Sorria e abraça os teus pais enquanto estão aqui Que a vida é trem-bala parceiro E a gente é só passageiro prestes a partir Laiá, laiá, laiá, laiá, laiá Laiá, laiá, laiá, laiá, laiá Segura teu filho no colo Sorria e abraça os teus pais enquanto estão aqui Que a vida é trem-bala parceiro E a gente é só passageiro prestes a partir'
'Asa Branca','Luiz Gonzaga','Quando olhei a terra ardendo Igual fogueira de São João Eu perguntei a Deus do céu, ai Por que tamanha judiação Eu perguntei a Deus do céu, ai Por que tamanha judiação Que braseiro, que fornalha Nem um pé de plantação Por falta d água perdi meu gado Morreu de sede meu alazão Por farta d água perdi meu gado Morreu de sede meu alazão Até mesmo a asa branca Bateu asas do sertão Depois eu disse, adeus Rosinha Guarda contigo meu coração Depois eu disse, adeus Rosinha Guarda contigo meu coração Hoje longe, muitas léguas Numa triste solidão Espero a chuva cair de novo Pra mim voltar pro meu sertão Espero a chuva cair de novo Pra mim voltar pro meu sertão Quando o verde dos teus olhos Se espalhar na plantação Eu te asseguro não chore não, viu Que eu voltarei, viu Meu coração Eu te asseguro não chore não, viu Que eu voltarei, viu Meu coração'
'Paula e Bebeto','Milton Nascimento','Vida vida que amor brincadeira, vera Eles amaram de qualquer maneira, vera Qualquer maneira de amor vale a pena Qualquer maneira de amor vale amar Pena que pena que coisa bonita, diga Qual a palavra que nunca foi dita, diga Qualquer maneira de amor vale aquela Qualquer maneira de amor vale amar Qualquer maneira de amor vale a pena Qualquer maneira de amor valerá Eles partiram por outros assuntos, muitos Mas no meu canto estarão sempre juntos, muito Qualquer maneira que eu cante esse canto Qualquer maneira me vale cantar Eles se amam de qualquer maneira, vera Eles se amam e pra vida inteira, vera Qualquer maneira de amor vale o canto Qualquer maneira me vale cantar Qualquer maneira de amor vale aquela Qualquer maneira de amor valerá Pena que pena que coisa bonita, diga Qual a palavra que nunca foi dita, diga Qualquer maneira de amor vale o canto Qualquer maneira me vale cantar Qualquer maneira de amor vale aquela Qualquer maneira de amor valerá'
'Olha Pro Céu','Luiz Gonzaga','Olha pro céu, meu amor Vê como ele está lindo Olha praquele balão multicor Como no céu vai sumindo Olha pro céu, meu amor Vê como ele está lindo Olha praquele balão multicor Como no céu vai sumindo Foi numa noite igual a esta Que tu me deste o coração O céu estava assim em festa Pois era noite de São João Havia balões no ar Xote, baião no salão E no terreiro o teu olhar Que incendiou meu coração Olha pro céu, meu amor Vê como ele está lindo Olha praquele balão multicor Como no céu vai sumindo Olha pro céu, meu amor Vê como ele está lindo Olha praquele balão multicor Como no céu vai sumindo'
'Chão de Giz','Zé Ramalho','Eu desço dessa solidão Espalho coisas Sobre um Chão de Giz Há meros devaneios tolos A me torturar Fotografias recortadas Em jornais de folhas Amiúde! Eu vou te jogar Num pano de guardar confetes Eu vou te jogar Num pano de guardar confetes Disparo balas de canhão É inútil, pois existe Um grão-vizir Há tantas violetas velhas Sem um colibri Queria usar, quem sabe Uma camisa de força Ou de vênus Mas não vou gozar de nós Apenas um cigarro Nem vou lhe beijar Gastando assim o meu batom Agora pego Um caminhão na lona Vou a nocaute outra vez Pra sempre fui acorrentado No seu calcanhar Meus vinte anos de boy That s over, baby! Freud explica Não vou me sujar Fumando apenas um cigarro Nem vou lhe beijar Gastando assim o meu batom Quanto ao pano dos confetes Já passou meu carnaval E isso explica porque o sexo É assunto popular No mais, estou indo embora! No mais, estou indo embora! No mais, estou indo embora! No mais!'
'De Janeiro a Janeiro (part. Nando Reis)','Roberta Campos','Não consigo olhar no fundo dos seus olhos E enxergar as coisas que me deixam no ar, deixam no ar As várias fases, estações que me levam com o vento E o pensamento bem devagar Outra vez, eu tive que fugir Eu tive que correr, pra não me entregar Às loucuras que me levam até você Me fazem esquecer que eu não posso chorar Olhe bem no fundo dos meus olhos E sinta a emoção que nascerá quando você me olhar O universo conspira a nosso favor A consequência do destino é o amor Pra sempre vou te amar Mas talvez você não entenda Essa coisa de fazer o mundo acreditar Que meu amor não será passageiro Te amarei de janeiro a janeiro Até o mundo acabar Até o mundo acabar Até o mundo acabar Até o mundo acabar Mas talvez você não entenda Essa coisa de fazer o mundo acreditar Que meu amor não será passageiro Te amarei de janeiro a janeiro Até o mundo acabar Até o mundo acabar Até o mundo acabar Até o mundo acabar De janeiro a janeiro'
'Sozinho','Caetano Veloso','Às vezes no silêncio da noite Eu fico imaginando nós dois Eu fico ali sonhando acordado Juntando o antes, o agora e o depois Por que você me deixa tão solto? Por que você não cola em mim? Tô me sentindo muito sozinho Não sou nem quero ser o seu dono É que um carinho às vezes cai bem Eu tenho os meus desejos e planos secretos Só abro pra você mais ninguém Por que você me esquece e some? E se eu me interessar por alguém? E se ela, de repente, me ganha? Quando a gente gosta É claro que a gente cuida Fala que me ama Só que é da boca pra fora Ou você me engana Ou não está madura Onde está você agora? Quando a gente gosta É claro que a gente cuida Fala que me ama Só que é da boca pra fora Ou você me engana Ou não está madura Onde está você agora?'
'Simples Assim','Lenine','Do alto da arrogância qualquer homem Se imagina muito mais do que consegue ser É que vendo lá de cima, a ilusão que lhe domina Diz que pode muito antes de querer Querer não é questão, não justifica o fim Pra quê complicação, é simples assim Focado no seu mundo qualquer homem Imagina muito menos do que pode ver No escuro do seu quarto ignora o céu lá fora E fica claro que ele não quer perceber Viver é uma questão de inicio, meio e fim Pra quê a solidão, é simples assim É, eu ando em busca dessa tal simplicidade É, não deve ser tão complicado assim É, se eu acredito, é minha verdade É simples assim E a vida continua surpreendentemente bela Mesmo quando nada nos sorri E a gente ainda insiste em ter alguma confiança Num futuro que ainda está por vir Viver é uma paixão do inicio, meio ao fim Pra quê complicação, é simples assim É, eu ando em busca dessa tal simplicidade É, não deve ser tão complicado assim É, se eu acredito, é minha verdade Eu vivo essa paixão do inicio, meio ao fim Pra quê a solidão, é simples assim Eu vivo essa paixão do inicio, meio ao fim Pra quê complicação, é simples assim'
'Aquarela','Toquinho','Numa folha qualquer eu desenho um sol amarelo E com cinco ou seis retas é fácil fazer um castelo Corro o lápis em torno da mão e me dou uma luva E se faço chover, com dois riscos tenho um guarda-chuva Se um pinguinho de tinta cai num pedacinho azul do papel Num instante imagino uma linda gaivota a voar no céu Vai voando, contornando a imensa curva norte-sul Vou com ela viajando Havaí, Pequim ou Istambul Pinto um barco a vela branco navegando É tanto céu e mar num beijo azul Entre as nuvens vem surgindo um lindo avião rosa e grená Tudo em volta colorindo, com suas luzes a piscar Basta imaginar e ele está partindo, sereno e lindo E se a gente quiser ele vai pousar Numa folha qualquer eu desenho um navio de partida Com alguns bons amigos bebendo de bem com a vida De uma América a outra consigo passar num segundo Giro um simples compasso e num círculo eu faço o mundo Um menino caminha e caminhando chega no muro E ali logo em frente a esperar pela gente o futuro está E o futuro é uma astronave que tentamos pilotar Não tem tempo nem piedade nem tem hora de chegar Sem pedir licença muda nossa vida Depois convida a rir ou chorar Nessa estrada não nos cabe conhecer ou ver o que virá O fim dela ninguém sabe bem ao certo onde vai dar Vamos todos numa linda passarela De uma aquarela que um dia enfim Descolorirá Numa folha qualquer eu desenho um sol amarelo Que descolorirá E com cinco ou seis retas é fácil fazer um castelo Que descolorirá Giro um simples compasso e num círculo eu faço o mundo Que descolorirá'
'Trem-Bala (Especial Dia Das Mães)','Ana Vilela','Não é sobre ter todas as pessoas do mundo pra si É sobre saber que, em algum lugar, alguém zela por ti É sobre, desde cedo, aprender a reconhecer a sua voz É sobre o amor infinito que sempre existiu entre nós É saber que você está comigo Nos momentos que eu mais preciso pra me acompanhar Então fazer valer a pena Cada verso daquele poema sobre o que é amar Não é sobre chegar no topo do mundo e saber que venceu É ver que você me ajudou a trilhar cada caminho meu É sobre ter abrigo e fazer morada no seu coração E se eu precisar, você sempre irá me estender sua mão A gente já passou por tudo Qual seria a graça da vida sem você aqui? Pra ser o meu porto seguro O presente que a vida me deu logo que eu nasci Não é sobre tudo que o seu dinheiro é capaz de comprar E sim sobre cada momento que juntas pudemos passar Contigo aprendi que o mais importante é ser do que ter E pelo que eu me tornei só tenho a te agradecer Você me segurou no colo Sorriu e entendeu realmente o que era amar E eu desde o primeiro dia Tão pequena, já soube que em ti podia confiar'
'Anunciação','Alceu Valença','Na bruma leve das paixões Que vêm de dentro Tu vens chegando Pra brincar no meu quintal No teu cavalo Peito nu, cabelo ao vento E o sol quarando Nossas roupas no varal Na bruma leve das paixões Que vêm de dentro Tu vens chegando Pra brincar no meu quintal No teu cavalo Peito nu, cabelo ao vento E o sol quarando Nossas roupas no varal Tu vens, tu vens Eu já escuto os teus sinais Tu vens, tu vens Eu já escuto os teus sinais A voz do anjo Sussurrou no meu ouvido Eu não duvido Já escuto os teus sinais Que tu virias Numa manhã de domingo Eu te anuncio Nos sinos das catedrais Tu vens, tu vens Eu já escuto os teus sinais Tu vens, tu vens Eu já escuto os teus sinais Ah! ah! ah! ah! ah! ah! Ah! ah! ah! ah! ah! ah! Ah! ah! ah! ah! ah! ah! Ah! ah! ah! ah! ah! ah! Na bruma leve das paixões Que vêm de dentro Tu vens chegando Pra brincar no meu quintal No teu cavalo Peito nu, cabelo ao vento E o sol quarando Nossas roupas no varal Tu vens, tu vens Eu já escuto os teus sinais Tu vens, tu vens Eu já escuto os teus sinais A voz do anjo Sussurrou no meu ouvido Eu não duvido Já escuto os teus sinais Que tu virias Numa manhã de domingo Eu te anuncio Nos sinos das catedrais Tu vens, tu vens Eu já escuto os teus sinais Tu vens, tu vens Eu já escuto os teus sinais Ah! ah! ah! ah! ah! ah! Ah! ah! ah! ah! ah! ah! Ah! ah! ah! ah! ah! ah! Ah! ah! ah! ah! ah! ah!'
'A Noite','Tiê','Palavras não bastam, não dá pra entender E esse medo que cresce e não para É uma história que se complicou E eu sei bem o por quê Qual é o peso da culpa que eu carrego nos braços? Me entorta as costas e dá um cansaço A maldade do tempo fez eu me afastar de você E quando chega a noite e eu não consigo dormir Meu coração acelera e eu sozinha aqui Eu mudo o lado da cama, eu ligo a televisão Olhos nos olhos no espelho e o telefone na mão Pro tanto que eu te queria, o perto nunca bastava E essa proximidade não dava Me perdi no que era real e no que eu inventei Reescrevi as memórias, deixei o cabelo crescer E te dedico uma linda história confessa Nem a maldade do tempo consegue me afastar de você Te contei tantos segredos que já não eram só meus Rimas de um velho diário que nunca me pertenceu Entre palavras não ditas, tantas palavras de amor Essa paixão é antiga e o tempo nunca passou E quando chega a noite, e eu não consigo dormir Meu coração acelera e eu sozinha aqui Eu mudo o lado da cama, eu ligo a televisão Olhos nos olhos no espelho e o telefone na minha mão'
'João de Barro','Maria Gadú','O meu desafio é andar sozinho Esperar no tempo os nossos destinos Não olhar pra trás, esperar a paz O que me traz A ausência do seu olhar Traz nas asas um novo dia Me ensina a caminhar Mesmo eu sendo menino, aprendi Oh, meu Deus, me traz de volta essa menina Porque tudo que eu tenho é o seu amor João de Barro, eu te entendo agora Por favor, me ensine como guardar meu amor O meu desafio é andar sozinho Esperar no tempo os nossos destinos Não olhar pra trás, esperar a paz O que me traz A ausência do seu olhar Traz nas asas um novo dia Me ensina a caminhar Mesmo eu sendo menino, aprendi Oh, meu Deus, me traz de volta essa menina Porque tudo que eu tenho é o seu amor João de Barro, eu te entendo agora Por favor, me ensine como guardar meu amor Oh, meu Deus, me traz de volta essa menina Porque tudo que eu tenho é o seu amor João de Barro, eu te entendo agora Por favor, me ensine como guardar meu amor Oh, meu Deus, me traz de volta essa menina Porque tudo que eu tenho é o seu amor João de Barro, eu te entendo agora Por favor, me ensine como guardar meu amor Meu amor'
'Pra Você Dar o Nome','5 à Seco','Deixa pra lá Que de nada adianta esse papo de agora não dá Que eu te quero é agora E não posso e nem vou te esperar Que esse lance de um tempo nunca funcionou pra nós dois Sempre que der Mande um sinal de vida de onde estiver dessa vez Qualquer coisa que faça eu pensar que você está bem Ou deitada nos braços de um outro qualquer Que é melhor Do que sofrer De saudade de mim como eu tô de você, pode crer Que essa dor eu não quero pra ninguém no mundo Imagina só pra você Quero é te ver Dando volta no mundo indo atrás de você, sabe o quê E rezando pra um dia você se encontrar e perceber Que o que falta em você sou eu Deixa pra lá Que de nada adianta esse papo de agora não dá Que eu te quero é agora e não posso e nem vou te esperar Que esse lance de um tempo nunca funcionou pra nós dois Sempre que der Mande um sinal de vida de onde estiver dessa vez Qualquer coisa que faça eu pensar que você está bem Ou deitada nos braços de um outro qualquer Que é melhor Do que sofrer De saudade de mim como eu to de você, pode crer Que essa dor eu não quero pra ninguém no mundo Imagina só pra você Quero é te ver Dando volta no mundo indo atrás de você, sabe o quê E rezando pra um dia você se encontrar e perceber Que o que falta em você sou eu'
'Ainda Bem','Marisa Monte','Ainda bem Que agora encontrei você Eu realmente não sei O que eu fiz pra merecer Você Porque ninguém Dava nada por mim Quem dava, eu não tava a fim Até desacreditei De mim O meu coração Já estava acostumado Com a solidão Quem diria que a meu lado Você iria ficar Você veio pra ficar Você que me faz feliz Você que me faz cantar Assim O meu coração Já estava aposentado Sem nenhuma ilusão Tinha sido maltratado Tudo se transformou Agora você chegou Você que me faz feliz Você que me faz cantar Assim O meu coração Já estava acostumado Com a solidão Quem diria que a meu lado Você iria ficar Você veio pra ficar Você que me faz feliz Você que me faz cantar Assim O meu coração Já estava aposentado Sem nenhuma ilusão Tinha sido maltratado Tudo se transformou Agora você chegou Você que me faz feliz Você que me faz cantar Assim Ainda bem'
'Velha Infância','Tribalistas','Você é assim Um sonho pra mim E quando eu não te vejo Eu penso em você Desde o amanhecer Até quando eu me deito Eu gosto de você E gosto de ficar com você Meu riso é tão feliz contigo O meu melhor amigo É o meu amor E a gente canta E a gente dança E a gente não se cansa De ser criança A gente brinca Na nossa velha infância Seus olhos, meu clarão Me guiam dentro da escuridão Seus pés me abrem o caminho Eu sigo e nunca me sinto só Você é assim Um sonho pra mim Quero te encher de beijos Eu penso em você Desde o amanhecer Até quando eu me deito Eu gosto de você E gosto de ficar com você Meu riso é tão feliz contigo O meu melhor amigo É o meu amor E a gente canta A gente dança A gente não se cansa De ser criança A gente brinca Na nossa velha infância Seus olhos, meu clarão Me guiam dentro da escuridão Seus pés me abrem o caminho Eu sigo e nunca me sinto só Você é assim Um sonho pra mim Você é assim Você é assim Um sonho pra mim Você é assim "Você é assim Um sonho pra mim E quando eu não te vejo Penso em você Desde o amanhecer Até quando eu me deito Eu gosto de você E gosto de ficar com você Meu riso é tão feliz contigo O meu melhor amigo É o meu amor"'
'Eu Te Devoro','Djavan','Teus sinais me confundem da cabeça aos pés Mas por dentro eu te devoro Teu olhar não me diz exato quem tu és Mesmo assim eu te devoro Te devoraria a qualquer preço Porque te ignoro ou te conheço Quando chove ou quando faz frio Noutro plano, te devoraria tal Caetano A Leonardo DiCaprio É um milagre Tudo que Deus criou pensando em você Fez a Via-Láctea, fez os dinossauros Sem pensar em nada, fez a minha vida E te deu Sem contar os dias que me faz morrer Sem saber de ti, jogado à solidão Mas se quer saber se eu quero outra vida Não, não! Teus sinais me confundem da cabeça aos pés Mas por dentro eu te devoro Teu olhar não me diz exato quem tu és Mesmo assim eu te devoro Te devoraria a qualquer preço Porque te ignoro ou te conheço Quando chove ou quando faz frio Noutro plano, te devoraria tal Caetano A Leonardo DiCaprio É um milagre Tudo que Deus criou pensando em você Fez a Via-Láctea, fez os dinossauros Sem pensar em nada, fez a minha vida E te deu Sem contar os dias que me faz morrer Sem saber de ti, jogado à solidão Mas se quer saber se eu quero outra vida Não, não! Eu quero mesmo é viver Pra esperar, esperar Devorar você Eu quero mesmo é viver Pra esperar, esperar Devorar você Viver, viver Pra esperar você Quero viver Pra esperar você Quero esperar você'
'Pra Sonhar','Marcelo Jeneci','Quando te vi passar fiquei paralisado Tremi até o chão como um terremoto no Japão Um vento, um tufão Uma batedeira sem botão Foi assim, viu Me vi na sua mão Perdi a hora de voltar para o trabalho Voltei pra casa e disse adeus pra tudo que eu conquistei Mil coisas eu deixei Só pra te falar Largo tudo Se a gente se casar domingo Na praia, no sol, no mar Ou num navio a navegar Num avião a decolar Indo sem data pra voltar Toda de branco no altar Quem vai sorrir? Quem vai chorar? Ave Maria, sei que há Uma história pra sonhar Pra sonhar O que era sonho se tornou realidade De pouco em pouco a gente foi erguendo o nosso próprio trem Nossa Jerusalém Nosso mundo, nosso carrossel Vai e vem vai E não para nunca mais De tanto não parar a gente chegou lá Do outro lado da montanha onde tudo começou Quando sua voz falou Pra onde você quiser eu vou Largo tudo Se a gente se casar domingo Na praia, no sol, no mar Ou num navio a navegar Num avião a decolar Indo sem data pra voltar Toda de branco no altar Quem vai sorrir? Quem vai chorar? Ave Maria, sei que há Uma história pra contar Domingo Na praia, no sol, no mar Ou num navio a navegar Num avião a decolar Indo sem data pra voltar Toda de branco no altar Quem vai sorrir? Quem vai chorar? Ave Maria, sei que há Uma história pra contar Pra contar'
'Xote Ecológico','Luiz Gonzaga','Não posso respirar, não posso mais nadar A terra está morrendo, não dá mais pra plantar E se plantar não nasce, se nascer não dá Até pinga da boa é difícil de encontrar Não posso respirar, não posso mais nadar A terra está morrendo, não dá mais pra plantar E se plantar não nasce, se nascer não dá Até pinga da boa é difícil de encontrar Cadê a flor que estava aqui? Poluição comeu E o peixe que é do mar? Poluição comeu E o verde onde é que está? Poluição comeu Nem o Chico Mendes sobreviveu'
'Se','Djavan','Você disse que não sabe se não Mas também não tem certeza que sim Quer saber? Quando é assim, deixa vir do coração Você sabe que eu só penso em você Você diz que vive pensando em mim Pode ser, se é assim Você tem que largar a mão do não Soltar essa louca, arder de paixão Não há como doer pra decidir Só dizer sim ou não Mas você adora um se Eu levo a sério, mas você disfarça Você me diz à beça e eu nessa de horror E me remete ao frio que vem lá do sul Insiste em zero a zero e eu quero um a um Sei lá o que te dá, não quer meu calor São Jorge, por favor, me empresta o dragão Mais fácil aprender japonês em braile Do que você decidir se dá ou não'
'Como Nossos Pais','Elis Regina','Não quero lhe falar Meu grande amor Das coisas que aprendi Nos discos Quero lhe contar como eu vivi E tudo o que aconteceu comigo Viver é melhor que sonhar Eu sei que o amor É uma coisa boa Mas também sei Que qualquer canto É menor do que a vida De qualquer pessoa Por isso cuidado, meu bem Há perigo na esquina Eles venceram e o sinal Está fechado pra nós Que somos jovens Para abraçar seu irmão E beijar sua menina na rua É que se fez o seu braço O seu lábio e a sua voz Você me pergunta Pela minha paixão Digo que estou encantada Como uma nova invenção Eu vou ficar nesta cidade Não vou voltar pro sertão Pois vejo vir vindo no vento Cheiro de nova estação Eu sinto tudo na ferida viva Do meu coração Já faz tempo Eu vi você na rua Cabelo ao vento Gente jovem reunida Na parede da memória Essa lembrança É o quadro que dói mais Minha dor é perceber Que apesar de termos Feito tudo o que fizemos Ainda somos os mesmos E vivemos Ainda somos os mesmos E vivemos Como os nossos pais Nossos ídolos Ainda são os mesmos E as aparências Não enganam não Você diz que depois deles Não apareceu mais ninguém Você pode até dizer Que eu tô por fora Ou então Que eu tô inventando Mas é você Que ama o passado E que não vê É você Que ama o passado E que não vê Que o novo sempre vem Hoje eu sei Que quem me deu a idéia De uma nova consciência E juventude Tá em casa Guardado por Deus Contando o vil metal Minha dor é perceber Que apesar de termos Feito tudo, tudo Tudo o que fizemos Nós ainda somos Os mesmos e vivemos Ainda somos Os mesmos e vivemos Ainda somos Os mesmos e vivemos Como os nossos pais'
'São João Na Roça','Luiz Gonzaga','A fogueira ta queimando Em homenagem a São João O forró já começou Vamos gente, rapa-pé nesse salão Dança Joaquim com Zabé Luiz com Yaiá Dança Janjão com Raque E eu com Sinhá Traz a cachaça Mane! Que eu quero ver Quero ver paia avuar'
'O Leãozinho','Caetano Veloso','Gosto muito de te ver, leãozinho Caminhando sob o sol Gosto muito de você, leãozinho Para desentristecer, leãozinho O meu coração tão só Basta eu encontrar você no caminho Um filhote de leão, raio da manhã Arrastando o meu olhar como um ímã O meu coração é o sol, pai de toda cor Quando ele lhe doura a pele ao léu Gosto de te ver ao sol, leãozinho De te ver entrar no mar Tua pele, tua luz, tua juba Gosto de ficar ao sol, leãozinho De molhar minha juba De estar perto de você e entrar no mar'
'Nem Um Dia','Djavan','Um dia frio Um bom lugar pra ler um livro E o pensamento lá em você Eu sem você não vivo Um dia triste Toda fragilidade incide E o pensamento lá em você E tudo me divide Um dia frio Um bom lugar pra ler um livro E o pensamento lá em você Eu sem você não vivo Um dia triste Toda fragilidade incide E o pensamento lá em você E tudo me divide Longe da felicidade e todas as suas luzes Te desejo como ao ar Mais que tudo És manhã na natureza das flores Mesmo por toda riqueza dos sheiks árabes Não te esquecerei um dia Nem um dia Espero com a força do pensamento Recriar a luz que me trará você E tudo nascerá mais belo O verde faz do azul com o amarelo O elo com todas as cores Pra enfeitar amores gris E tudo nascerá mais belo O verde faz do azul com o amarelo O elo com todas as cores Pra enfeitar amores gris Um dia frio Um bom lugar pra ler um livro E o pensamento lá em você Eu sem você não vivo Um dia triste Toda fragilidade incide E o pensamento lá em você E tudo me divide Mesmo por toda riqueza dos sheiks árabes Não te esquecerei um dia Nem um dia Espero com a força do pensamento Recriar a luz que me trará você E tudo nascerá mais belo O verde faz do azul com o amarelo O elo com todas as cores Pra enfeitar amores gris E tudo nascerá mais belo O verde faz do azul com o amarelo O elo com todas as cores Pra enfeitar amores gris'
'Gostava Tanto de Você','Tim Maia','Não sei por que você se foi Quantas saudades eu senti E de tristezas vou viver E aquele adeus não pude dar Você marcou na minha vida Viveu, morreu na minha história Chego a ter medo do futuro E da solidão que em minha porta bate E eu Gostava tanto de você Gostava tanto de você Eu corro, fujo desta sombra Em sonho, vejo este passado E na parede do meu quarto Ainda está o seu retrato Não quero ver pra não lembrar Pensei até em me mudar Lugar qualquer que não exista O pensamento em você E eu Gostava tanto de você Gostava tanto de você Não sei por que você se foi Quantas saudades eu senti E de tristezas vou viver E aquele adeus não pude dar Você marcou em minha vida Viveu, morreu na minha história Chego a ter medo do futuro E da solidão que em minha porta bate E eu Gostava tanto de você Gostava tanto de você Eu corro, fujo desta sombra Em sonho, vejo este passado E na parede do meu quarto Ainda está o seu retrato Não quero ver pra não lembrar Pensei até em me mudar Lugar qualquer que não exista O pensamento em você E eu Gostava tanto de você Gostava tanto de você Eu gostava tanto de você Eu gostava tanto de você Eu gostava tanto de você'
'Pagode Russo','Luiz Gonzaga','Ontem eu sonhei que estava em Moscou Dançando pagode russo na boate Cossacou Ontem eu sonhei que estava em Moscou Dançando pagode russo na boate Cossacou Parecia até um frevo naquele cai e não cai Parecia até um frevo naquele vai e não vai Parecia até um frevo naquele cai e não cai Parecia até um frevo naquele vai e não vai Vem cá cossaco, cossaco dança agora Na dança do cossaco, não fica cossaco fora Vem cá cossaco, cossaco dança agora Na dança do cossaco, não fica cossaco fora'
'Um Amor Puro','Djavan','O que há dentro do meu coração Eu tenho guardado pra te dar E todas as horas que o tempo Tem pra me conceder São tuas até morrer E a tua história, eu não sei Mas me diga só o que for bom Um amor tão puro que ainda nem sabe A força que tem É teu e de mais ninguém Te adoro em tudo, tudo, tudo Quero mais que tudo, tudo, tudo Te amar sem limites Viver uma grande história Aqui ou noutro lugar Que pode ser feio ou bonito Se nós estivermos juntos Haverá um céu azul Um amor puro Não sabe a força que tem Meu amor, eu juro Ser teu e de mais ninguém Um amor puro'
'Telegrama','Zeca Baleiro','Eu tava triste, tristinho Mais sem graça que a top-model magrela Na passarela Eu tava só, sozinho! Mais solitário que um paulistano Que um canastrão na hora que cai o pano Tava mais bobo que banda de rock Que um palhaço do circo Vostok Mas ontem eu recebi um telegrama Era você de Aracaju ou do Alabama Dizendo: Nêgo, sinta-se feliz Porque no mundo tem alguém que diz Que muito te ama! Que tanto te ama! Que muito, muito te ama Que tanto te ama! Por isso hoje eu acordei Com uma vontade danada De mandar flores ao delegado De bater na porta do vizinho E desejar bom dia De beijar o português Da padaria Hoje eu acordei Com uma vontade danada De mandar flores ao delegado De bater na porta do vizinho E desejar bom dia De beijar o português Da padaria Mama! Oh Mama! Oh Mama! Quero ser seu Quero ser seu Quero ser seu Quero ser seu papa! Mama! Oh Mama! Oh Mama! Quero ser seu Quero ser seu Quero ser seu Quero ser seu papa! Eu tava triste, tristinho! Mais sem graça que a top-model magrela Na passarela Eu tava só, sozinho! Mais solitário que um paulistano Que um vilão de filme mexicano Tava mais bobo que banda de rock Que um palhaço do circo Vostok Mas ontem eu recebi um telegrama Era você de Aracaju ou do Alabama Dizendo: Nego sinta-se feliz Porque no mundo tem alguém que diz Que muito te ama! Que tanto te ama! Que muito te ama! Que tanto, tanto te ama! Por isso hoje eu acordei Com uma vontade danada De mandar flores ao delegado De bater na porta do vizinho E desejar bom dia De beijar o português Da padaria Hoje eu acordei Com uma vontade danada De mandar flores ao delegado De bater na porta do vizinho E desejar bom dia De beijar o português Da padaria Me dê a mão, vamos sair Pra ver o sol! Mama! Oh Mama! Oh Mama! Quero ser seu Quero ser seu Quero ser seu Quero ser seu papa! Hoje eu acordei Com uma vontade danada De mandar flores ao delegado De bater na porta do vizinho E desejar bom dia De beijar o português Da padaria Hoje eu acordei Com uma vontade danada De mandar flores ao delegado De bater na porta do vizinho E desejar bom dia De beijar o português Da padaria Mama! Oh Mama! Oh Mama! Quero ser seu Quero ser seu Quero ser seu Quero ser seu papa! Mama! Oh Mama! Oh Mama! Quero ser seu Quero ser seu Quero ser seu Quero ser seu papa! Mama! Oh Mama! Oh Mama! Quero ser seu Quero ser seu Quero ser seu Quero ser seu papa! Mama! Oh Mama! Oh Mama! Quero ser seu Quero ser seu Quero ser seu Quero ser seu papa! Me dê a mão, vamos sair Pra ver o sol'
'Gostoso Demais','Maria Bethânia','Tô com saudade de tu, meu desejo Tô com saudade do beijo e do mel Do teu olhar carinhoso Do teu abraço gostoso De passear no teu céu É tão difícil ficar sem você O teu amor é gostoso demais Teu cheiro me dá prazer Quando estou com você Estou nos braços da paz Pensamento viaja E vai buscar meu bem-querer Não posso ser feliz, assim Tem dó de mim O que é que eu posso fazer'
'Amor I Love You','Marisa Monte','Deixa eu dizer que te amo Deixa eu pensar em você Isso me acalma, me acolhe a alma Isso me ajuda a viver Hoje contei pras paredes Coisas do meu coração Passei no tempo, caminhei nas horas Mais do que passo a paixão É um espelho sem razão Quer amor, fique aqui Deixa eu dizer que te amo Deixa eu gostar de você Isso me acalma, me acolhe a alma Isso me ajuda a viver Hoje contei pras paredes Coisas do meu coração Passei no tempo, caminhei nas horas Mais do que passo a paixão É o espelho sem razão Quer amor, fique aqui Meu peito agora dispara Vivo em constante alegria É o amor que está aqui Amor, I love you Amor, I love you Amor, I love you Amor, I love you Amor, I love you Amor, I love you Amor, I love you Amor, I love you Tinha suspirado, tinha beijado o papel devotamente! Era a primeira vez que lhe escreviam Aquelas sentimentalidades E o seu orgulho dilatava-se Ao calor amoroso que saía delas Como um corpo ressequido Que se estira num banho tépido Sentia um acréscimo de estima por si mesma E parecia-lhe que entrava enfim numa existência Superiormente interessante Onde cada hora tinha o seu encanto diferente Cada passo conduzia a um êxtase E a alma se cobria de um luxo radioso de sensações! Amor, I love you Amor, I love you Amor, I love you Amor, I love you Amor, I love you Amor, I love you Amor, I love you Amor, I love you'
'Velha Infância','Marisa Monte','Você é assim Um sonho pra mim E quando eu não te vejo Eu penso em você Desde o amanhecer Até quando eu me deito Eu gosto de você E gosto de ficar com você Meu riso é tão feliz contigo O meu melhor amigo É o meu amor E a gente canta E a gente dança E a gente não se cansa De ser criança A gente brinca Na nossa velha infância Seus olhos, meu clarão Me guiam dentro da escuridão Seus pés me abrem o caminho Eu sigo e nunca me sinto só Você é assim Um sonho pra mim Quero te encher de beijos Eu penso em você Desde o amanhecer Até quando eu me deito Eu gosto de você E gosto de ficar com você Meu riso é tão feliz contigo O meu melhor amigo É o meu amor E a gente canta E a gente dança E a gente não se cansa De ser criança A gente brinca Na nossa velha infância Seus olhos, meu clarão Me guiam dentro da escuridão Seus pés me abrem o caminho Eu sigo e nunca me sinto só Você é assim Um sonho pra mim Você é assim Você é assim Você é assim "Você é assim Um sonho pra mim E quando eu não te vejo Penso em você Desde o amanhecer Até quando me deito Eu gosto de você Eu gosto de ficar com você Meu riso é tão feliz contigo O meu melhor amigo É o meu amor"'
'Minha Felicidade','Roberta Campos','Quero ver o sol nascer De novo aqui pra despertar Tudo aquilo que senti Guardei por nós nesse lugar Você é um pedaço em mim Eu quero viver em teus braços pra sempre Pra sempre Lembra aquele tempo, amor? Onde a gente se encontrou Foi ali que começou minha felicidade Lembra aquele beijo, amor? Quando a gente se encontrou Foi assim que começou minha felicidade Quero ver o sol nascer De novo aqui pra despertar Tudo aquilo que senti Guardei por nós nesse lugar Você é um pedaço em mim Eu quero viver em teus braços pra sempre Pra sempre Lembra aquele tempo, amor? Onde a gente se encontrou Foi ali que começou minha felicidade Lembra aquele beijo, amor? Quando a gente se encontrou Foi assim que começou minha felicidade Eu, você, o sol, o mar E mais de mil paisagens pra testemunhar Que eu seguiria muito bem a vida inteira Sem me preocupar com a felicidade Toda paisagem fica cinza sem você Qualquer declaração de amor tão sem por quê Hoje é por isso que agradeço ao céu Estar com você, estar com você Hoje é por isso que agradeço ao céu A felicidade Lembra aquele tempo, amor? Quando a gente se encontrou Foi ali que começou minha felicidade Lembra aquele beijo, amor? Quando a gente se encontrou Foi assim que começou minha felicidade'
'Maria, Maria','Milton Nascimento','Maria, Maria É um dom, uma certa magia Uma força que nos alerta Uma mulher que merece Viver e amar Como outra qualquer Do planeta Maria, Maria É o som, é a cor, é o suor É a dose mais forte e lenta De uma gente que ri Quando deve chorar E não vive, apenas aguenta Mas é preciso ter força É preciso ter raça É preciso ter gana sempre Quem traz no corpo a marca Maria, Maria Mistura a dor e a alegria Mas é preciso ter manha É preciso ter graça É preciso ter sonho sempre Quem traz na pele essa marca Possui a estranha mania De ter fé na vida Mas é preciso ter força É preciso ter raça É preciso ter gana sempre Quem traz no corpo a marca Maria, Maria Mistura a dor e a alegria Mas é preciso ter manha É preciso ter graça É preciso ter sonho sempre Quem traz na pele essa marca Possui a estranha mania De ter fé na vida Ah! Hei! Ah! Hei! Ah! Hei! Ah! Hei! Ah! Hei! Ah! Hei!! Lá Lá Lá Lerererê Lerererê Lá Lá Lá Lerererê Lerererê Hei! Hei! Hei! Hei! Ah! Hei! Ah! Hei! Ah! Hei! Ah! Hei! Ah! Hei! Ah! Hei! Lá Lá Lá Lerererê Lerererê! Lá Lá Lá Lerererê Lerererê! Mas é preciso ter força É preciso ter raça É preciso ter gana sempre Quem traz no corpo a marca Maria, Maria Mistura a dor e a alegria Mas é preciso ter manha É preciso ter graça É preciso ter sonho, sempre Quem traz na pele essa marca Possui a estranha mania De ter fé na vida Ah! Hei! Ah! Hei! Ah! Hei! Ah! Hei! Ah! Hei! Ah! Hei!! Lá Lá Lá Lerererê Lerererê Lá Lá Lá Lerererê Lerererê Hei! Hei! Hei! Hei! Ah! Hei! Ah! Hei! Ah! Hei! Ah! Hei! Ah! Hei! Ah! Hei! Lá Lá Lá Lerererê Lerererê! Lá Lá Lá Lerererê Lerererê!'
'Santo Antônio','Maria Bethânia','Que seria de mim meu Deus Sem a fé em Antônio A luz desceu do céu Clareando o encanto Da espada espelhada em Deus Viva viva meu santo Saúde que foge Volta por outro caminho Amor que se perde Nasce outro no ninho Maldade que vem e vai Vira flor na alegria Trezena de junho É tempo sagrado Na minha Bahia Antônio querido Preciso do seu carinho Se ando perdido Mostre-me novo caminho Nas tuas pegadas claras Trilho o meu destino Estou nos teus braços Como se fosse Deus menino'
'La Belle De Jour','Alceu Valença','Ah hei! Ah hei! Ah hei! Ah! La Belle de Jour! Ah hei! Ah hei! Ah hei! Eu lembro da moça bonita Da praia de Boa Viagem E a moça no meio da tarde De um domingo azul Azul era Belle de Jour Era a bela da tarde Seus olhos azuis como a tarde Na tarde de um domingo azul La Belle de Jour! Eu lembro da moça bonita Da praia de Boa Viagem E a moça no meio da tarde De um domingo azul Azul era Belle de Jour Era a bela da tarde Seus olhos azuis como a tarde Na tarde de um domingo azul La Belle de Jour! Belle de Jour! Oh! Oh! Belle de Jour! La Belle de Jour Era a moça mais linda De toda a cidade E foi justamente pra ela Que eu escrevi o meu primeiro blues Mas Belle de Jour No azul viajava Seus olhos azuis como a tarde Na tarde de um domingo azul La Belle de Jour! La Belle de Jour! Eu lembro da moça bonita Da praia de Boa Viagem E a moça no meio da tarde De um domingo azul Azul era a Belle de Jour Era a bela da tarde Seus olhos azuis como a tarde Na tarde de um domingo azul La Belle de Jour! Eu lembro da moça bonita Da praia de Boa Viagem E a moça no meio da tarde De um domingo azul Azul era a Belle de Jour Era a bela da tarde Seus olhos azuis como a tarde Na tarde de um domingo azul La Belle de Jour!. Belle de Jour! Oh! Oh! Belle de Jour! La Belle de Jour Era a moça mais linda De toda a cidade E foi justamente pra ela Que eu escrevi o meu primeiro blues Mas Belle de Jour No azul viajava Seus olhos azuis como a tarde Na tarde de um domingo azul La Belle de Jour! Ah hei! Ah hei! Ah hei! Ah hei! Ah hei! Ah hei!'
'Talvez','Ana Vilela','Estive pensando em escrever sobre os motivos Pelos quais eu gosto tanto de você Talvez seja sua risada exagerada Ou esse jeito todo fofo de escrever Talvez eu goste de você pelo sorriso Que você dá quando atende o celular Ou talvez seja pelo jeito que você me irrita Falando sobre aquele livro lá A insistência pra eu torcer pelo seu time Todo esse amor pelo Gregóry e a Clarice Esse mal humor matinal que você tem Ou essa camiseta azul do super-man Talvez eu nem precise de motivos pra amar você Eu nunca precisei de muita coisa pra te querer Eu sei não preciso de razões ou de motivos Pra te amar e te querer aqui Mas talvez eu te ame tanto assim apenas pelo jeito que você sorri Eu sei que no final essa distância não vai importar Porque você é o alguém que eu escolhi pra amar E por mais que isso demore o tempo vai passar E por todos esses motivos eu vou te esperar E eu pensei tanto assim nesses motivos Que acabei esquecendo de me lembrar Que eu não preciso mesmo de nenhum pretexto Ou qualquer razão que me faça te amar Porque eu sei que eu te amo desse jeito Tudo assim perfeitamente imperfeito Mas tudo bem se alguns motivos me ajudarem A te amar e te querer assim por inteiro Como a insistência pra eu torcer pelo seu time Todo esse amor pelo Gregóry e a Clarice Esse mal humor matinal que você tem Ou essa camiseta azul do Super-Man Talvez eu nem precise de motivos pra amar você Eu nunca precisei de muita coisa pra te querer Eu sei não preciso de razões ou de motivos Pra te amar e te querer aqui Mas talvez eu te ame tanto assim apenas pelo jeito que você sorri Eu sei que no final essa distância não vai importar Porque você é o alguém que eu escolhi pra amar E por mais que isso demore o tempo vai passar E por todos esses motivos Eu sei não preciso de razões ou de motivos Pra te amar e te querer aqui Mas talvez eu te ame tanto assim Apenas pelo jeito que você sorri Eu sei que no final essa distância não vai importar Porque você é o alguém que eu escolhi pra amar E por mais que isso demore o tempo vai passar E por todos esses motivos eu vou te esperar'
'Oração','A Banda Mais Bonita da Cidade','Meu amor, essa é a última oração Pra salvar seu coração Coração não é tão simples quanto pensa Nele cabe o que não cabe na despensa Cabe o meu amor Cabem três vidas inteiras Cabe uma penteadeira Cabe nós dois Cabe até o meu amor, essa é a última oração Pra salvar seu coração Coração não é tão simples quanto pensa Nele cabe o que não cabe na despensa Cabe o meu amor Cabem três vidas inteiras Cabe uma penteadeira Cabe nós dois Cabe até o meu amor, essa é a última oração Pra salvar seu coração Coração não é tão simples quanto pensa Nele cabe o que não cabe na despensa Cabe o meu amor Cabem três vidas inteiras Cabe uma penteadeira Cabe essa oração'
'Sinônimos','Zé Ramalho','Quanto o tempo o coração leva pra saber Que o sinônimo de amar é sofrer No aroma de amores pode haver espinhos É como ter mulheres e milhões e ser sozinho Na solidão de casa, descansar O sentido da vida, encontrar Ninguém pode dizer onde a felicidade está O amor é feito de paixões E quando perde a razão Não sabe quem vai machucar Quem ama nunca sente medo De contar os seus segredos Sinônimo de amor é amar Quem revelará o mistério que tem a fé E quantos segredos traz o coração de uma mulher Como é triste a tristeza mendigando um sorriso Um cego procurando a luz na imensidão do paraíso Quem tem amor na vida, tem sorte Quem na fraqueza sabe ser bem mais forte Ninguém sabe dizer onde a felicidade está O amor é feito de paixões E quando perde a razão Não sabe quem vai machucar Quem ama nunca sente medo De contar os seus segredos Sinônimo de amor é amar O amor é feito de paixões E quando perde a razão Não sabe quem vai machucar Quem ama nunca sente medo De contar os seus segredos Sinônimo de amor é amar Sinônimo de amor é amar Sinônimo de amor é amar O amor é feito de paixões E quando perde a razão Não sabe quem vai machucar Quem ama nunca sente medo De contar os seus segredos Sinônimo de amor é amar Quem revelará o mistério que tem a fé E quantos segredos traz o coração de uma mulher Como é triste a tristeza mendigando um sorriso Um cego procurando a luz na imensidão do paraíso O amor é feito de paixões E quando perde a razão Não sabe quem vai machucar Quem ama nunca sente medo De contar os seus segredos Sinônino de amor é amar'
'Metade','Oswaldo Montenegro','Que a força do medo que tenho Não me impeça de ver o que anseio Que a morte de tudo em que acredito Não me tape os ouvidos e a boca Porque metade de mim é o que eu grito A outra metade é silêncio Que a música que ouço ao longe Seja linda ainda que tristeza Que a mulher que amo seja pra sempre amada Mesmo que distante Pois metade de mim é partida A outra metade é saudade Que as palavras que falo Não sejam ouvidas como prece nem repetidas com fervor Apenas respeitadas como a única coisa Que resta a um homem inundado de sentimentos Pois metade de mim é o que ouço A outra metade é o que calo Que a minha vontade de ir embora Se transforme na calma e na paz que mereço Que a tensão que me corrói por dentro Seja um dia recompensada Porque metade de mim é o que penso A outra metade um vulcão Que o medo da solidão se afaste E o convívio comigo mesmo se torne ao menos suportável Que o espelho reflita meu rosto num doce sorriso Que me lembro ter dado na infância Pois metade de mim é a lembrança do que fui A outra metade não sei Que não seja preciso mais do que uma simples alegria Pra me fazer aquietar o espírito E que o seu silêncio me fale cada vez mais Pois metade de mim é abrigo A outra metade é cansaço Que a arte me aponte uma resposta Mesmo que ela mesma não saiba E que ninguém a tente complicar Pois é preciso simplicidade pra fazê-la florescer Pois metade de mim é plateia A outra metade é canção Que a minha loucura seja perdoada Pois metade de mim é amor E a outra metade também'
'Espumas Ao Vento','Fagner','Sei que aí dentro ainda mora um pedacinho de mim Um grande amor não se acaba assim Feito espumas ao vento Não é coisa de momento, raiva passageira Mania que dá e passa, feito brincadeira O amor deixa marcas que não dá pra apagar Sei que errei, tô aqui pra te pedir perdão Cabeça doida, coração na mão Desejo pegando fogo E sem saber direito a hora e o que fazer Eu não encontro uma palavra só pra te dizer Ai, se eu fosse você eu voltava pra mim de novo E de uma coisa fique certa, amor A porta vai estar sempre aberta, amor O meu olhar vai dar uma festa, amor Na hora que você chegar E de uma coisa fique certa, amor A porta vai estar sempre aberta, amor O meu olhar vai dar uma festa, amor Na hora que você chegar Sei que errei, tô aqui pra te pedir perdão Cabeça doida, coração na mão Desejo pegando fogo E sem saber direito a hora e o que fazer Eu não encontro uma palavra só pra te dizer Ah! se eu fosse você eu voltava pra mim de novo'
'Felicidade','Marcelo Jeneci','Haverá um dia em que você não haverá de ser feliz Sentirá o ar sem se mexer Sem desejar como antes sempre quis Você vai rir, sem perceber Felicidade é só questão de ser Quando chover, deixar molhar Pra receber o sol quando voltar Lembrará os dias que você deixou passar sem ver a luz Se chorar, chorar é vão porque os dias vão pra nunca mais Melhor viver, meu bem Pois há um lugar em que o sol brilha pra você Chorar, sorrir também e depois dançar Na chuva quando a chuva vem Melhor viver, meu bem Pois há um lugar em que o sol brilha pra você Chorar, sorrir também e dançar Dançar na chuva quando a chuva vem Tem vez que as coisas pesam mais Do que a gente acha que pode aguentar Nessa hora fique firme Pois tudo isso logo vai passar Você vai rir, sem perceber Felicidade é só questão de ser Quando chover, deixar molhar Pra receber o sol quando voltar Melhor viver, meu bem Pois há um lugar em que o sol brilha pra você Chorar, sorrir também e depois dançar Na chuva quando a chuva vem Melhor viver, meu bem Pois há um lugar em que o sol brilha pra você Chorar, sorrir também e dançar Dançar na chuva quando a chuva vem Dançar na chuva quando a chuva vem Dançar na chuva quando a chuva Dançar na chuva quando a chuva vem'
'O Quereres','Caetano Veloso','Onde queres revólver, sou coqueiro E onde queres dinheiro, sou paixão Onde queres descanso, sou desejo E onde sou só desejo, queres não E onde não queres nada, nada falta E onde voas bem alto, eu sou o chão E onde pisas o chão, minha alma salta E ganha liberdade na amplidão Onde queres família, sou maluco E onde queres romântico, burguês Onde queres Leblon, sou Pernambuco E onde queres eunuco, garanhão Onde queres o sim e o não, talvez E onde vês, eu não vislumbro razão Onde o queres o lobo, eu sou o irmão E onde queres cowboy, eu sou chinês Ah! Bruta flor do querer Ah! Bruta flor, bruta flor Onde queres o ato, eu sou o espírito E onde queres ternura, eu sou tesão Onde queres o livre, decassílabo E onde buscas o anjo, sou mulher Onde queres prazer, sou o que dói E onde queres tortura, mansidão Onde queres um lar, revolução E onde queres bandido, sou herói Eu queria querer-te amar o amor Construir-nos dulcíssima prisão Encontrar a mais justa adequação Tudo métrica e rima e nunca dor Mas a vida é real e é de viés E vê só que cilada o amor me armou Eu te quero (e não queres) como sou Não te quero (e não queres) como és Ah! Bruta flor do querer Ah! Bruta flor, bruta flor Onde queres comício, flipper-vídeo E onde queres romance, rock n roll Onde queres a lua, eu sou o sol E onde a pura natura, o inseticídio Onde queres mistério, eu sou a luz E onde queres um canto, o mundo inteiro Onde queres quaresma, fevereiro E onde queres coqueiro, eu sou obus O quereres estares sempre a fim Do que em mim é de mim tão desigual Faz-me querer-te bem, querer-te mal Bem a ti, mal ao quereres assim Infinitivamente pessoal E eu querendo querer-te sem ter fim E, querendo-te, aprender o total Do querer que há, e do que não há em mim'
'Paciência','Lenine','Mesmo quando tudo pede Um pouco mais de calma Até quando o corpo pede Um pouco mais de alma A vida não para Enquanto o tempo Acelera e pede pressa Eu me recuso, faço hora Vou na valsa A vida é tão rara Enquanto todo mundo Espera a cura do mal E a loucura finge Que isso tudo é normal Eu finjo ter paciência O mundo vai girando Cada vez mais veloz A gente espera do mundo E o mundo espera de nós Um pouco mais de paciência Será que é tempo Que lhe falta pra perceber? Será que temos esse tempo Pra perder? E quem quer saber? A vida é tão rara Tão rara Mesmo quando tudo pede Um pouco mais de calma Até quando o corpo pede Um pouco mais de alma Eu sei, a vida não para A vida não para não Será que é tempo Que lhe falta pra perceber? Será que temos esse tempo Pra perder? E quem quer saber? A vida é tão rara Tão rara Mesmo quando tudo pede Um pouco mais de calma Até quando o corpo pede Um pouco mais de alma Eu sei, a vida é tão rara A vida não para não A vida é tão rara'
'A Vida do Viajante','Luiz Gonzaga','Minha vida é andar por este país Pra ver se um dia descanso feliz Guardando as recordações Das terras onde passei Andando pelos sertões E dos amigos que lá deixei Chuva e sol Poeira e carvão Longe de casa Sigo o roteiro Mais uma estação E a alegria no coração Minha vida é andar por esse país Pra ver se um dia descanso feliz Guardando as recordações Das terras onde passei Andando pelos sertões E dos amigos que lá deixei Mar e terra Inverno e verão Mostre o sorriso Mostre a alegria Mas eu mesmo não E a saudade no coração'
'Admirável Gado Novo','Zé Ramalho','Ôôô, boi Vocês que fazem parte dessa massa Que passa nos projetos do futuro É duro tanto ter que caminhar E dar muito mais do que receber E ter que demonstrar sua coragem À margem do que possa parecer E ver que toda essa engrenagem Já sente a ferrugem lhe comer Ê, ô, ô, vida de gado Povo marcado, ê! Povo feliz! Ê, ô, ô, vida de gado Povo marcado, ê! Povo feliz! Lá fora faz um tempo confortável A vigilância cuida do normal Os automóveis ouvem a notícia Os homens a publicam no jornal E correm através da madrugada A única velhice que chegou Demoram-se na beira da estrada E passam a contar o que sobrou! Ê, ô, ô, vida de gado Povo marcado, ê! Povo feliz! Ê, ô, ô, vida de gado Povo marcado, ê! Povo feliz! Ôôô, boi O povo foge da ignorância Apesar de viver tão perto dela E sonham com melhores tempos idos Contemplam essa vida numa cela Esperam nova possibilidade De verem esse mundo se acabar A arca de Noé, o dirigível Não voam, nem se pode flutuar Não voam, nem se pode flutuar Não voam, nem se pode flutuar Ê, ô, ô, vida de gado Povo marcado, ê! Povo feliz! Ê, ô, ô, vida de gado Povo marcado, ê! Povo feliz! Ôôô, boi'
'Frevo Mulher','Zé Ramalho','Quantos aqui ouvem Os olhos eram de fé Quantos elementos Amam aquela mulher Quantos homens eram inverno Outros verão Outonos caindo secos No solo da minha mão Gemeram entre cabeças A ponta do esporão A folha do não-me-toque E o medo da solidão Veneno meu companheiro Desata no cantador E desemboca no primeiro Açude do meu amor É quando o tempo sacode A cabeleira A dança toda vermelha Um olho cego vagueia Procurando por um Quantos aqui ouvem Os olhos eram de fé Quantos elementos Amam aquela mulher Quantos homens eram inverno Outros verão Outonos caindo secos No solo da minha mão Gemeram entre cabeças A ponta do esporão A folha do não-me-toque E o medo da solidão Veneno meu companheiro Desata no cantador E desemboca no primeiro Açude do meu amor É quando o tempo sacode A cabeleira A dança toda vermelha Um olho cego vagueia Procurando por um'
'Coração Selvagem','Belchior','Meu bem, guarde uma frase pra mim dentro da sua canção Esconda um beijo pra mim Sob as dobras do blusão Eu quero um gole de cerveja No seu copo, no seu colo e nesse bar Meu bem, o meu lugar é onde você quer que ele seja Não quero o que a cabeça pensa Eu quero o que a alma deseja Arco-íris, anjo rebelde Eu quero o corpo, tenho pressa de viver Mas quando você me amar Me abrace e me beije bem devagar Que é para eu ter tempo Tempo de me apaixonar Tempo para ouvir o rádio no carro Tempo para a turma do outro bairro ver e saber que eu te amo Meu bem, o mundo inteiro está naquela estrada ali em frente Tome um refrigerante, coma um cachorro-quente Sim, já é outra viagem E o meu coração selvagem tem essa pressa de viver Meu bem, mas quando a vida nos violentar Pediremos ao bom Deus que nos ajude Falaremos para a vida Vida, pisa devagar, meu coração, cuidado, é frágil Meu coração é como vidro, como um beijo de novela Meu bem, talvez você possa compreender a minha solidão O meu som, e a minha fúria e essa pressa de viver E esse jeito de deixar sempre de lado a certeza E arriscar tudo de novo com paixão Andar caminho errado pela simples alegria de ser Meu bem, vem viver comigo, vem correr perigo, vem morrer comigo Meu bem, meu bem, meu bem Talvez eu morra jovem, alguma curva no caminho Algum punhal de amor traído completará o meu destino Meu bem, vem viver comigo, vem correr perigo, vem morrer comigo Meu bem, meu bem, meu bem Meu bem, meu bem, meu bem Que outros cantores chamam baby Que outros cantores chamam baby Que outros cantores chamam baby'
'Morena Tropicana','Alceu Valença','Da manga rosa Quero gosto e o sumo Melão maduro, sapoti, juá Jaboticaba, teu olhar noturno Beijo travoso de umbu cajá Pele macia Ai! carne de caju! Saliva doce, doce mel Mel de uruçu Linda morena Fruta de vez temporana Caldo de cana caiana Vem me desfrutar! Linda morena Fruta de vez temporana Caldo de cana caiana Vou te desfrutar! Morena Tropicana Eu quero teu sabor Ai! Ai! Ioiô! Ioiô! Morena Tropicana Eu quero teu sabor Ai! Ai! Ioiô! Ioiô! Da manga rosa Quero gosto e o sumo Melão maduro, sapoti, juá Jaboticaba, teu olhar noturno Beijo travoso de umbu cajá Pele macia Ai! carne de caju! Saliva doce, doce mel Mel de uruçu Linda morena Fruta de vez temporana Caldo de cana caiana Vem me desfrutar! Linda morena Fruta de vez temporana Caldo de cana caiana Vou te desfrutar! Morena Tropicana Eu quero teu sabor Ai! Ai! Ioiô! Ioiô! Morena Tropicana Eu quero teu sabor Ai! Ai! Ioiô! Ioiô!'
'Roda Viva','Chico Buarque','Tem dias que a gente se sente Como quem partiu ou morreu A gente estancou de repente Ou foi o mundo então que cresceu A gente quer ter voz ativa No nosso destino mandar Mas eis que chega a roda-viva E carrega o destino pra lá Roda mundo, roda-gigante Rodamoinho, roda pião O tempo rodou num instante Nas voltas do meu coração A gente vai contra a corrente Até não poder resistir Na volta do barco é que sente O quanto deixou de cumprir Faz tempo que a gente cultiva A mais linda roseira que há Mas eis que chega a roda-viva E carrega a roseira pra lá Roda mundo, roda-gigante Rodamoinho, roda pião O tempo rodou num instante Nas voltas do meu coração A roda da saia, a mulata Não quer mais rodar, não senhor Não posso fazer serenata A roda de samba acabou A gente toma a iniciativa Viola na rua, a cantar Mas eis que chega a roda-viva E carrega a viola pra lá Roda mundo, roda-gigante Rodamoinho, roda pião O tempo rodou num instante Nas voltas do meu coração O samba, a viola, a roseira Um dia a fogueira queimou Foi tudo ilusão passageira Que a brisa primeira levou No peito a saudade cativa Faz força pro tempo parar Mas eis que chega a roda-viva E carrega a saudade pra lá Roda mundo, roda-gigante Rodamoinho, roda pião O tempo rodou num instante Nas voltas do meu coração Roda mundo, roda-gigante Rodamoinho, roda pião O tempo rodou num instante Nas voltas do meu coração Roda mundo, roda-gigante Rodamoinho, roda pião O tempo rodou num instante Nas voltas do meu coração'
'Geni e o Zepelim','Chico Buarque','De tudo que é nego torto Do mangue e do cais do porto Ela já foi namorada O seu corpo é dos errantes Dos cegos, dos retirantes É de quem não tem mais nada Dá-se assim desde menina Na garagem, na cantina Atrás do tanque, no mato É a rainha dos detentos Das loucas, dos lazarentos Dos moleques do internato E também vai amiúde Com os velhinhos sem saúde E as viúvas sem porvir Ela é um poço de bondade E é por isso que a cidade Vive sempre a repetir Joga pedra na Geni! Joga pedra na Geni! Ela é feita pra apanhar! Ela é boa de cuspir! Ela dá pra qualquer um! Maldita Geni! Um dia surgiu, brilhante Entre as nuvens, flutuante Um enorme zepelim Pairou sobre os edifícios Abriu dois mil orifícios Com dois mil canhões assim A cidade apavorada Se quedou paralisada Pronta pra virar geleia Mas do zepelim gigante Desceu o seu comandante Dizendo: "Mudei de ideia!" Quando vi nesta cidade Tanto horror e iniquidade Resolvi tudo explodir Mas posso evitar o drama Se aquela formosa dama Esta noite me servir Essa dama era Geni! Mas não pode ser Geni! Ela é feita pra apanhar Ela é boa de cuspir Ela dá pra qualquer um Maldita Geni! Mas de fato, logo ela Tão coitada e tão singela Cativara o forasteiro O guerreiro tão vistoso Tão temido e poderoso Era dela, prisioneiro Acontece que a donzela (E isso era segredo dela) Também tinha seus caprichos E ao deitar com homem tão nobre Tão cheirando a brilho e a cobre Preferia amar com os bichos Ao ouvir tal heresia A cidade em romaria Foi beijar a sua mão O prefeito de joelhos O bispo de olhos vermelhos E o banqueiro com um milhão Vai com ele, vai, Geni! Vai com ele, vai, Geni! Você pode nos salvar Você vai nos redimir Você dá pra qualquer um Bendita Geni! Foram tantos os pedidos Tão sinceros, tão sentidos Que ela dominou seu asco Nessa noite lancinante Entregou-se a tal amante Como quem dá-se ao carrasco Ele fez tanta sujeira Lambuzou-se a noite inteira Até ficar saciado E nem bem amanhecia Partiu numa nuvem fria Com seu zepelim prateado Num suspiro aliviado Ela se virou de lado E tentou até sorrir Mas logo raiou o dia E a cidade em cantoria Não deixou ela dormir Joga pedra na Geni! Joga bosta na Geni! Ela é feita pra apanhar! Ela é boa de cuspir! Ela dá pra qualquer um! Maldita Geni! Joga pedra na Geni! Joga bosta na Geni! Ela é feita pra apanhar! Ela é boa de cuspir! Ela dá pra qualquer um! Maldita Geni!'
'Sacramento da Comunhão','Nelsinho Corrêa','Senhor, quando te vejo no sacramento da comunhão Sinto o céu se abrir e uma luz a me atingir Esfriando minha cabeça e esquentando meu coração Senhor, graças e louvores sejam dadas a todo momento Quero te louvar na dor, na alegria e no sofrimento E se em meio à tribulação, eu me esquecer de ti Ilumina minhas trevas com Tua luz Jesus, fonte de misericórdia que jorra do templo Jesus, o Filho da Rainha Jesus, rosto divino do homem Jesus, rosto humano de Deus Chego muitas vezes em Tua casa, meu Senhor Triste, abatido, precisando de amor Mas depois da comunhão Tua casa é meu coração Então sinto o céu dentro de mim Não comungo porque mereço, isso eu sei, oh meu Senhor Comungo pois preciso de ti Quando faltei à missa, eu fugia de mim e de Ti Mas agora eu voltei, por favor aceita-me Jesus, fonte de misericórdia que jorra do templo Jesus, o Filho da Rainha Jesus, rosto divino do homem Jesus, rosto humano de Deus'
'Que Nem Jiló','Luiz Gonzaga','Se a gente lembra só por lembrar O amor que a gente um dia perdeu Saudade inté que assim é bom Pro cabra se convencer Que é feliz sem saber Pois não sofreu Porém se a gente vive a sonhar Com alguém que se deseja rever Saudade, entonce, aí é ruim Eu tiro isso por mim Que vivo doido a sofrer Ai quem me dera voltar Pros braços do meu xodó Saudade assim faz roer E amarga qui nem jiló Mas ninguém pode dizer Que me viu triste a chorar Saudade, o meu remédio é cantar'
'Pra Não Dizer Que Não Falei Das Flores','Geraldo Vandré','Caminhando e cantando E seguindo a canção Somos todos iguais Braços dados ou não Nas escolas, nas ruas Campos, construções Caminhando e cantando E seguindo a canção Vem, vamos embora Que esperar não é saber Quem sabe faz a hora Não espera acontecer Vem, vamos embora Que esperar não é saber Quem sabe faz a hora Não espera acontecer Pelos campos há fome Em grandes plantações Pelas ruas marchando Indecisos cordões Ainda fazem da flor Seu mais forte refrão E acreditam nas flores Vencendo o canhão Vem, vamos embora Que esperar não é saber Quem sabe faz a hora Não espera acontecer Vem, vamos embora Que esperar não é saber Quem sabe faz a hora Não espera acontecer Há soldados armados Amados ou não Quase todos perdidos De armas na mão Nos quartéis lhes ensinam Uma antiga lição De morrer pela pátria E viver sem razão Vem, vamos embora Que esperar não é saber Quem sabe faz a hora Não espera acontecer Vem, vamos embora Que esperar não é saber Quem sabe faz a hora Não espera acontecer Nas escolas, nas ruas Campos, construções Somos todos soldados Armados ou não Caminhando e cantando E seguindo a canção Somos todos iguais Braços dados ou não Os amores na mente As flores no chão A certeza na frente A história na mão Caminhando e cantando E seguindo a canção Aprendendo e ensinando Uma nova lição Vem, vamos embora Que esperar não é saber Quem sabe faz a hora Não espera acontecer Vem, vamos embora Que esperar não é saber Quem sabe faz a hora Não espera acontecer'
'Você É Linda','Caetano Veloso','Fonte de mel Nos olhos de gueixa Kabuki, máscara Choque entre o azul E o cacho de acácias Luz das acácias Você é mãe do sol A sua coisa é toda tão certa Beleza esperta Você me deixa a rua deserta Quando atravessa E não olha pra trás Linda E sabe viver Você me faz feliz Esta canção é só pra dizer E diz Você é linda Mais que demais Você é linda sim Onda do mar do amor Que bateu em mim Você é forte Dentes e músculos Peitos e lábios Você é forte Letras e músicas Todas as músicas Que ainda hei de ouvir No Abaeté Areias e estrelas Não são mais belas Do que você Mulher das estrelas Mina de estrelas Diga o que você quer! Você é linda E sabe viver Você me faz feliz Esta canção é só pra dizer E diz Você é linda Mais que demais Você é linda sim Onda do mar do amor Que bateu em mim Gosto de ver Você no seu ritmo Dona do carnaval Gosto de ter Sentir seu estilo Ir no seu íntimo Nunca me faça mal! Linda Mais que demais Você é linda sim Onda do mar do amor Que bateu em mim Você é linda E sabe viver Você me faz feliz Esta canção é só pra dizer E diz'
'Carta de Amor','Maria Bethânia','Não mexe comigo, que eu não ando só Eu não ando só, que eu não ando só Não mexe não! Não mexe comigo, que eu não ando só Eu não ando só, que eu não ando só Eu tenho Zumbi, Besouro, o chefe dos tupis Sou Tupinambá, tenho os erês, caboclo boiadeiro Mãos de cura, morubichabas, cocares Zarabatanas, curares, flechas e altares A velocidade da luz, o escuro da mata escura O breu, o silêncio, a espera Eu tenho Jesus, Maria e José Todos os pajés em minha companhia O menino Deus brinca e dorme nos meus sonhos O poeta me contou Não mexe comigo, que eu não ando só Eu não ando só, que eu não ando só Não mexe não! Não mexe comigo, que eu não ando só Eu não ando só, eu não ando só Não misturo, não me dobro A rainha do mar anda de mãos dadas comigo Me ensina o baile das ondas e canta, canta, canta pra mim É do ouro de Oxum que é feita a armadura que cobre meu corpo Garante meu sangue, minha garganta O veneno do mal não acha passagem E em meu coração, Maria acende sua luz e me aponta o caminho Me sumo no vento, cavalgo no raio de Iansã Giro o mundo, viro, reviro Tô no recôncavo, tô em fez Voo entre as estrelas, brinco de ser uma Traço o cruzeiro do sul com a tocha da fogueira de João menino Rezo com as três Marias, vou além Me recolho no esplendor das nebulosas, descanso nos vales, montanhas Durmo na forja de Ogum, mergulho no calor da lava dos vulcões Corpo vivo de Xangô Não ando no breu, nem ando na treva Não ando no breu, nem ando na treva É por onde eu vou que o santo me leva É por onde eu vou que o santo me leva Não ando no breu, nem ando na treva Não ando no breu, nem ando na treva É por onde eu vou que o santo me leva É por onde eu vou que o santo me leva Medo não me alcança No deserto me acho, faço cobra morder o rabo, escorpião virar pirilampo Meus pés recebem bálsamos, unguentos suaves das mãos de Maria Irmã de Marta e Lázaro, no oásis de Bethânia Pensou que eu ando só? Atente ao tempo! Não começa, nem termina, é nunca, é sempre É tempo de reparar na balança de nobre cobre que o rei equilibra Fulmina o injusto, deixa nua a justiça Eu não provo do teu fel, eu não piso no teu chão E pra onde você for, não leva o meu nome não E pra onde você for, não leva o meu nome não Eu não provo do teu fel, eu não piso no teu chão E pra onde você for, não leva o meu nome não E pra onde você for, não leva o meu nome não Onde vai, valente? Você secou, seus olhos insones secaram Não veem brotar a relva que cresce livre e verde longe da tua cegueira Seus ouvidos se fecharam a qualquer música, a qualquer som Nem o bem, nem o mal pensam em ti, ninguém te escolhe Você pisa na terra, mas não a sente, apenas pisa Apenas vaga sobre o planeta, e já nem ouve as teclas do teu piano Você está tão mirrado que nem o diabo te ambiciona, não tem alma Você é o oco, do oco, do oco, do sem fim do mundo O que é teu já tá guardado Não sou eu quem vou lhe dar Não sou eu quem vou lhe dar Não sou eu quem vou lhe dar O que é teu já tá guardado Não sou eu quem vou lhe dar Não sou eu quem vou lhe dar Não sou eu quem vou lhe dar Eu posso engolir você, só pra cuspir depois Minha fome é matéria que você não alcança Desde o leite do peito de minha mãe Até o sem fim dos versos, versos, versos Que brotam do poeta em toda poesia Sob a luz da lua que deita na palma da inspiração de Caymmi Se choro, quando choro, e minha lágrima cai É pra regar o capim que alimenta a vida Chorando eu refaço as nascentes que você secou Se desejo, o meu desejo faz subir marés de sal e sortilégio Vivo de cara pra o vento na chuva, e quero me molhar O terço de Fátima e o cordão de Gandhi cruzam o meu peito Sou como a haste fina, que qualquer brisa verga, mas nenhuma espada corta Não mexe comigo, que eu não ando só Eu não ando só, que eu não ando só Não mexe não! Não mexe comigo, que eu não ando só Eu não ando só, que eu não ando só'
'Canção Da América','Milton Nascimento','Amigo é coisa para se guardar Debaixo de sete chaves Dentro do coração Assim falava a canção que na América ouvi Mas quem cantava chorou Ao ver o seu amigo partir Mas quem ficou, no pensamento voou Com seu canto que o outro lembrou E quem voou, no pensamento ficou Com a lembrança que o outro cantou Amigo é coisa para se guardar No lado esquerdo do peito Mesmo que o tempo e a distância digam "não" Mesmo esquecendo a canção O que importa é ouvir A voz que vem do coração Pois seja o que vier, venha o que vier Qualquer dia, amigo, eu volto A te encontrar Qualquer dia, amigo, a gente vai se encontrar'
'Cálice','Chico Buarque','Pai, afasta de mim esse cálice Pai, afasta de mim esse cálice Pai, afasta de mim esse cálice De vinho tinto de sangue Pai, afasta de mim esse cálice Pai, afasta de mim esse cálice Pai, afasta de mim esse cálice De vinho tinto de sangue Como beber dessa bebida amarga Tragar a dor, engolir a labuta Mesmo calada a boca, resta o peito Silêncio na cidade não se escuta De que me vale ser filho da santa Melhor seria ser filho da outra Outra realidade menos morta Tanta mentira, tanta força bruta Pai, afasta de mim esse cálice Pai, afasta de mim esse cálice Pai, afasta de mim esse cálice De vinho tinto de sangue Como é difícil acordar calado Se na calada da noite eu me dano Quero lançar um grito desumano Que é uma maneira de ser escutado Esse silêncio todo me atordoa Atordoado eu permaneço atento Na arquibancada pra a qualquer momento Ver emergir o monstro da lagoa Pai, afasta de mim esse cálice Pai, afasta de mim esse cálice Pai, afasta de mim esse cálice De vinho tinto de sangue De muito gorda a porca já não anda De muito usada a faca já não corta Como é difícil, pai, abrir a porta Essa palavra presa na garganta Esse pileque homérico no mundo De que adianta ter boa vontade Mesmo calado o peito, resta a cuca Dos bêbados do centro da cidade Pai, afasta de mim esse cálice Pai, afasta de mim esse cálice Pai, afasta de mim esse cálice De vinho tinto de sangue Talvez o mundo não seja pequeno Nem seja a vida um fato consumado Quero inventar o meu próprio pecado Quero morrer do meu próprio veneno Quero perder de vez tua cabeça Minha cabeça perder teu juízo Quero cheirar fumaça de óleo diesel Me embriagar até que alguém me esqueça'
'O Que É, o Que É?','Gonzaguinha','Eu fico com a pureza Da resposta das crianças É a vida, é bonita E é bonita Viver E não ter a vergonha De ser feliz Cantar e cantar e cantar A beleza de ser Um eterno aprendiz Ah meu Deus! Eu sei, eu sei Que a vida devia ser Bem melhor e será Mas isso não impede Que eu repita É bonita, é bonita E é bonita Viver E não ter a vergonha De ser feliz Cantar e cantar e cantar A beleza de ser Um eterno aprendiz Ah meu Deus! Eu sei, eu sei Que a vida devia ser Bem melhor e será Mas isso não impede Que eu repita É bonita, é bonita E é bonita E a vida E a vida o que é? Diga lá, meu irmão Ela é a batida de um coração Ela é uma doce ilusão Hê! Hô! E a vida Ela é maravilha ou é sofrimento? Ela é alegria ou lamento? O que é? O que é? Meu irmão Há quem fale Que a vida da gente É um nada no mundo É uma gota, é um tempo Que nem dá um segundo Há quem fale Que é um divino Mistério profundo É o sopro do criador Numa atitude repleta de amor Você diz que é luta e prazer Ele diz que a vida é viver Ela diz que melhor é morrer Pois amada não é E o verbo é sofrer Eu só sei que confio na moça E na moça eu ponho a força da fé Somos nós que fazemos a vida Como der, ou puder, ou quiser Sempre desejada Por mais que esteja errada Ninguém quer a morte Só saúde e sorte E a pergunta roda E a cabeça agita Eu fico com a pureza Da resposta das crianças É a vida, é bonita E é bonita Viver E não ter a vergonha De ser feliz Cantar e cantar e cantar A beleza de ser Um eterno aprendiz Ah meu Deus! Eu sei, eu sei Que a vida devia ser Bem melhor e será Mas isso não impede Que eu repita É bonita, é bonita E é bonita'
'Oceano','Djavan','Assim que o dia amanheceu Lá no mar alto da paixão Dava pra ver o tempo ruir Cadê você? Que solidão! Esquecera de mim? Enfim, de tudo o que há na Terra Não há nada em lugar nenhum Que vá crescer sem você chegar Longe de ti tudo parou Ninguém sabe o que eu sofri Amar é um deserto e seus temores Vida que vai na sela dessas dores Não sabe voltar, me dá teu calor Vem me fazer feliz porque eu te amo Você deságua em mim, e eu, oceano Me esqueço que amar é quase uma dor Só sei viver se for por você!'
'Dia Branco','Geraldo Azevedo','Se você vier Pro que der e vier Comigo Eu lhe prometo o sol Se hoje o sol sair Ou a chuva Se a chuva cair Se você vier Até onde a gente chegar Numa praça Na beira do mar Num pedaço de qualquer lugar Nesse dia branco Se branco ele for Esse tanto Esse canto de amor Oh! oh! oh Se você quiser e vier Pro que der e vier Comigo Se você vier Pro que der e vier Comigo Eu lhe prometo o sol Se hoje o sol sair Ou a chuva Se a chuva cair Se você vier Até onde a gente chegar Numa praça Na beira do mar Num pedaço de qualquer lugar E nesse dia branco Se branco ele for Esse canto Esse tão grande amor Grande amor Se você quiser e vier Pro que der e vier Comigo Comigo, comigo'
'Ai Que Saudade D Ocê','Geraldo Azevedo','Não se admire se um dia Um beija-flor invadir A porta da tua casa Te der um beijo e partir Fui eu que mandei o beijo Que é pra matar meu desejo Faz tempo que eu não te vejo Ai que saudade d ocê Se um dia ocê se lembrar Escreva uma carta pra mim Bote logo no correio Com a frase dizendo assim Faz tempo que eu não te vejo Quero matar meu desejo Te mando um monte de beijo Ai que saudade sem fim E se quiser recordar Aquele nosso namoro Quando eu ia viajar Você caía no choro Eu chorando pela estrada Mas o que que eu posso fazer Trabalhar é minha sina Eu gosto mesmo é d ocê'
'João e Maria','Chico Buarque','Agora eu era o herói E o meu cavalo só falava inglês A noiva do cowboy Era você além das outras três Eu enfrentava os batalhões Os alemães e seus canhões Guardava o meu bodoque E ensaiava o rock para as matinês Agora eu era o rei Era o bedel e era também juiz E pela minha lei A gente era obrigado a ser feliz E você era a princesa que eu fiz coroar E era tão linda de se admirar Que andava nua pelo meu país Não, não fuja não Finja que agora eu era o seu brinquedo Eu era o seu pião O seu bicho preferido Vem, me dê a mão A gente agora já não tinha medo No tempo da maldade acho que a gente nem tinha nascido Agora era fatal Que o faz-de-conta terminasse assim Pra lá deste quintal Era uma noite que não tem mais fim Pois você sumiu no mundo sem me avisar E agora eu era um louco a perguntar O que é que a vida vai fazer de mim?'
'Numa Sala De Reboco','Luiz Gonzaga','Todo tempo quanto houver pra mim é pouco Pra dançar com meu benzinho numa sala de reboco Todo tempo quanto houver pra mim é pouco Pra dançar com meu benzinho numa sala de reboco Enquanto o fole tá fungando, tá gemendo Vou dançando e vou dizendo meu sofrer pra ela só E ninguém nota que eu estou lhe conversando E nosso amor vai aumentando Pra que coisa mais melhor? Todo tempo quanto houver pra mim é pouco Pra dançar com meu benzinho numa sala de reboco Todo tempo quanto houver pra mim é pouco Pra dançar com meu benzinho numa sala de reboco Só fico triste quando o dia amanhece Ai, meu Deus, se eu pudesse acabar a separação Pra nós viver igual a dois a sanguessugas E nosso amor pede mais fuga do que essa que nos dão Todo tempo quanto houver pra mim é pouco Pra dançar com meu benzinho numa sala de reboco Todo tempo quanto houver pra mim é pouco Pra dançar com meu benzinho numa sala de reboco'
'Azul da Cor do Mar','Tim Maia','Ah! Se o mundo inteiro me pudesse ouvir Tenho muito pra contar, dizer que aprendi E na vida a gente tem que entender Que um nasce pra sofrer enquanto o outro ri Mas quem sofre sempre tem que procurar Pelo menos vir achar razão para viver Ver na vida algum motivo pra sonhar Ter um sonho todo azul Azul da cor do mar Mas quem sofre sempre tem que procurar Pelo menos vir achar razão para viver Ver na vida algum motivo pra sonhar Ter um sonho todo azul Azul da cor do mar'
'A Lista','Oswaldo Montenegro','Faça uma lista de grandes amigos Quem você mais via há dez anos atrás Quantos você ainda vê todo dia Quantos você já não encontra mais Faça uma lista dos sonhos que tinha Quantos você desistiu de sonhar! Quantos amores jurados pra sempre Quantos você conseguiu preservar... Onde você ainda se reconhece Na foto passada ou no espelho de agora? Hoje é do jeito que achou que seria Quantos amigos você jogou fora? Quantos mistérios que você sondava Quantos você conseguiu entender? Quantos segredos que você guardava Hoje são bobos ninguém quer saber? Quantas mentiras você condenava? Quantas você teve que cometer? Quantos defeitos sanados com o tempo Eram o melhor que havia em você? Quantas canções que você não cantava Hoje assovia pra sobreviver? Quantas pessoas que você amava Hoje acredita que amam você?'
'Ela Une Todas As Coisas','Jorge Vercillo','Ela une todas as coisas Como eu poderia explicar Um doce mistério de rio Com a transparência de um mar Ela une todas as coisas Quantos elementos vão lá? Sentimento fundo de água Com toda leveza do ar Ela está em todas as coisas Até no vazio que me dá Quando vejo a tarde cair E ela não está Talvez ela saiba de cor Tudo que eu preciso sentir Pedra preciosa de olhar Ela só precisa existir Pra me completar Ela une o mar Com o meu olhar Ela só precisa existir Pra me completar Ela une as quatro estações Une dois caminhos num só Sempre que eu me vejo perdido Une amigos ao meu redor Ela está em todas as coisas Até no vazio que me dá Quando vejo a tarde cair E ela não está Talvez ela saiba de cor Tudo que eu preciso sentir Pedra preciosa de olhar Ela só precisa existir Para me completar Ela une o mar Com o meu olhar Ela só precisa existir Pra me completar Ela une o mar Com o meu olhar Ela só precisa existir Pra me completar Une o meu viver Com o seu viver Ela só precisa existir Para me completar Ela une o mar Com o meu olhar Ela só precisa existir Pra me completar'
'O Xote Das Meninas','Elba Ramalho','Mandacaru quando fulôra na seca É o sinal que a chuva chega no sertão Toda menina que enjoa da boneca É sinal que o amor já chegou no coração Meia comprida, não quer mais sapato baixo Vestido bem cintado não quer mais vestir timão Ela só quer só pensa em namorar Ela só quer só pensa em namorar Ela só quer só pensa em namorar Ela só quer só pensa em namorar De manhã cedo, já tá pintada Só vive suspirando, sonhando acordada O pai leva ao doutô A filha adoentada Não come, não estuda, não dorme, não quer nada Mas o doutô nem examina Chamando o pai de lado Lhe diz logo em surdina: O mal é da idade E que pra tal menina Não há um só remédio em toda a medicina'
'O Meu Amor','Chico Buarque','O meu amor tem um jeito manso que é só seu E que me deixa louca quando me beija a boca A minha pele toda fica arrepiada E me beija com calma e fundo Até minh alma se sentir beijada O meu amor tem um jeito manso que é só seu Que rouba os meus sentidos, viola os meus ouvidos Com tantos segredos lindos e indecentes Depois brinca comigo, ri do meu umbigo E me crava os dentes Eu sou sua menina, viu? E ele é o meu rapaz Meu corpo é testemunha do bem que ele me faz O meu amor tem um jeito manso que é só seu Que me deixa maluca, quando me roça a nuca E quase me machuca com a barba mal feita E de pousar as coxas entre as minhas coxas Quando ele se deita O meu amor tem um jeito manso que é só seu De me fazer rodeios, de me beijar os seios Me beijar o ventre e me deixar em brasa Desfruta do meu corpo como se o meu corpo Fosse a sua casa Eu sou sua menina, viu? E ele é o meu rapaz Meu corpo é testemunha do bem que ele me faz'
'O Bêbado e a Equilibrista','Elis Regina','Caía a tarde feito um viaduto E um bêbado trajando luto Me lembrou Carlitos A lua tal qual a dona do bordel Pedia a cada estrela fria Um brilho de aluguel E nuvens lá no mata-borrão do céu Chupavam manchas torturadas Que sufoco! Louco! O bêbado com chapéu-coco Fazia irreverências mil Pra noite do Brasil Meu Brasil! Que sonha com a volta do irmão do Henfil Com tanta gente que partiu Num rabo de foguete Chora A nossa Pátria mãe gentil Choram Marias e Clarisses No solo do Brasil Mas sei que uma dor assim pungente Não há de ser inutilmente A esperança Dança na corda bamba de sombrinha E em cada passo dessa linha Pode se machucar Azar! A esperança equilibrista Sabe que o show de todo artista Tem que continuar'
'Construção','Chico Buarque','Amou daquela vez como se fosse a última Beijou sua mulher como se fosse a última E cada filho seu como se fosse o único E atravessou a rua com seu passo tímido Subiu a construção como se fosse máquina Ergueu no patamar quatro paredes sólidas Tijolo com tijolo num desenho mágico Seus olhos embotados de cimento e lágrima Sentou pra descansar como se fosse sábado Comeu feijão com arroz como se fosse um príncipe Bebeu e soluçou como se fosse um náufrago Dançou e gargalhou como se ouvisse música E tropeçou no céu como se fosse um bêbado E flutuou no ar como se fosse um pássaro E se acabou no chão feito um pacote flácido Agonizou no meio do passeio público Morreu na contramão atrapalhando o tráfego Amou daquela vez como se fosse o último Beijou sua mulher como se fosse a única E cada filho seu como se fosse o pródigo E atravessou a rua com seu passo bêbado Subiu a construção como se fosse sólido Ergueu no patamar quatro paredes mágicas Tijolo com tijolo num desenho lógico Seus olhos embotados de cimento e tráfego Sentou pra descansar como se fosse um príncipe Comeu feijão com arroz como se fosse o máximo Bebeu e soluçou como se fosse máquina Dançou e gargalhou como se fosse o próximo E tropeçou no céu como se ouvisse música E flutuou no ar como se fosse sábado E se acabou no chão feito um pacote tímido Agonizou no meio do passeio náufrago Morreu na contramão atrapalhando o público Amou daquela vez como se fosse máquina Beijou sua mulher como se fosse lógico Ergueu no patamar quatro paredes flácidas Sentou pra descansar como se fosse um pássaro E flutuou no ar como se fosse um príncipe E se acabou no chão feito um pacote bêbado Morreu na contra-mão atrapalhando o sábado'
'Alegria, Alegria','Caetano Veloso','Caminhando contra o vento Sem lenço e sem documento No sol de quase dezembro Eu vou O sol se reparte em crimes Espaçonaves, guerrilhas Em cardinales bonitas Eu vou Em caras de presidentes Em grandes beijos de amor Em dentes, pernas, bandeiras Bomba e Brigitte Bardot O sol nas bancas de revista Me enche de alegria e preguiça Quem lê tanta notícia Eu vou Por entre fotos e nomes Os olhos cheios de cores O peito cheio de amores vãos Eu vou Por que não, por que não Ela pensa em casamento E eu nunca mais fui à escola Sem lenço e sem documento Eu vou Eu tomo uma Coca-Cola Ela pensa em casamento E uma canção me consola Eu vou Por entre fotos e nomes Sem livros e sem fuzil Sem fome, sem telefone No coração do Brasil Ela nem sabe até pensei Em cantar na televisão O sol é tão bonito Eu vou Sem lenço, sem documento Nada no bolso ou nas mãos Eu quero seguir vivendo, amor Eu vou Por que não, por que não? Por que não, por que não? Por que não, por que não?'
'Naquela Mesa','Nelson Gonçalves','Naquela mesa ele sentava sempre E me dizia sempre o que é viver melhor Naquela mesa ele contava histórias Que hoje na memória eu guardo e sei de cor Naquela mesa ele juntava gente E contava contente o que fez de manhã E nos seus olhos era tanto brilho Que mais que seu filho Eu fiquei seu fã Eu não sabia que doía tanto Uma mesa num canto, uma casa e um jardim Se eu soubesse o quanto dói a vida Essa dor tão doída não doía assim Agora resta uma mesa na sala E hoje ninguém mais fala do seu bandolim Naquela mesa tá faltando ele E a saudade dele tá doendo em mim Naquela mesa tá faltando ele E a saudade dele tá doendo em mim'
'Podres Poderes','Caetano Veloso','Enquanto os homens exercem Seus podres poderes Motos e fuscas avançam Os sinais vermelhos E perdem os verdes Somos uns boçais Queria querer gritar Setecentas mil vezes Como são lindos Como são lindos os burgueses E os japoneses Mas tudo é muito mais Será que nunca faremos senão confirmar A incompetência da América católica Que sempre precisará de ridículos tiranos Será, será, que será? Que será, que será? Será que esta minha estúpida retórica Terá que soar, terá que se ouvir Por mais zil anos Enquanto os homens exercem Seus podres poderes Índios e padres e bichas Negros e mulheres E adolescentes Fazem o carnaval Queria querer cantar afinado com eles Silenciar em respeito ao seu transe num êxtase Ser indecente Mas tudo é muito mau Ou então cada paisano e cada capataz Com sua burrice fará jorrar sangue demais Nos pantanais, nas cidades Caatingas e nos gerais Será que apenas os hermetismos pascoais E os tons, os mil tons Seus sons e seus dons geniais Nos salvam, nos salvarão Dessas trevas e nada mais Enquanto os homens exercem Seus podres poderes Morrer e matar de fome De raiva e de sede São tantas vezes Gestos naturais Eu quero aproximar o meu cantar vagabundo Daqueles que velam pela alegria do mundo Indo e mais fundo Tins e bens e tais Será que nunca faremos senão confirmar Na incompetência da América católica Que sempre precisará de ridículos tiranos Será, será, que será? Que será, que será? Será que essa minha estúpida retórica Terá que soar, terá que se ouvir Por mais zil anos Ou então cada paisano e cada capataz Com sua burrice fará jorrar sangue demais Nos pantanais, nas cidades Caatingas e nos gerais Será que apenas Os hermetismos pascoais E os tons, os mil tons Seus sons e seus dons geniais Nos salvam, nos salvarão Dessas trevas e nada mais Enquanto os homens Exercem seus podres poderes Morrer e matar de fome De raiva e de sede São tantas vezes Gestos naturais Eu quero aproximar O meu cantar vagabundo Daqueles que velam Pela alegria do mundo Indo mais fundo Tins e bens e tais! Indo mais fundo Tins e bens e tais! Indo mais fundo Tins e bens e tais!'
'A Sua','Marisa Monte','Eu só quero que você saiba Que estou pensando em você Agora e sempre mais Eu só quero que você ouça A canção que eu fiz pra dizer Que eu te adoro cada vez mais E que eu te quero sempre em paz Tô com sintomas de saudade Tô pensando em você Como eu te quero tanto bem Aonde for não quero dor Eu tomo conta de você Mas te quero livre também Como o tempo vai e o vento vem Eu só quero que você caiba no meu colo Porque eu te adoro cada vez mais Eu só quero que você siga Para onde quiser Que eu não vou ficar muito atrás Tô com sintomas de saudade Tô pensando em você Como eu te quero tanto bem Aonde for não quero dor Eu tomo conta de você Mas te quero livre também Como o tempo vai e o vento vem Eu só quero que você saiba Que estou pensando em você Mas te quero livre também Como o tempo vai e o vento vem E que eu te quero livre também Como o tempo vai e o vento vem'
'Alucinação','Belchior','Eu não estou interessado Em nenhuma teoria Em nenhuma fantasia Nem no algo mais Nem em tinta pro meu rosto Ou oba oba, ou melodia Para acompanhar bocejos Sonhos matinais Eu não estou interessado Em nenhuma teoria Nem nessas coisas do oriente Romances astrais A minha alucinação É suportar o dia-a-dia E meu delírio É a experiência Com coisas reais Um preto, um pobre Uma estudante Uma mulher sozinha Blue jeans e motocicletas Pessoas cinzas normais Garotas dentro da noite Revólver: cheira cachorro Os humilhados do parque Com os seus jornais Carneiros, mesa, trabalho Meu corpo que cai do oitavo andar E a solidão das pessoas Dessas capitais A violência da noite O movimento do tráfego Um rapaz delicado e alegre Que canta e requebra É demais! Cravos, espinhas no rosto Rock, Hot Dog Play it cool, baby Doze Jovens Coloridos Dois Policiais Cumprindo o seu duro dever E defendendo o seu amor E nossa vida Cumprindo o seu duro dever E defendendo o seu amor E nossa vida Mas eu não estou interessado Em nenhuma teoria Em nenhuma fantasia Nem no algo mais Longe o profeta do terror Que a laranja mecânica anuncia Amar e mudar as coisas Me interessa mais Amar e mudar as coisas Amar e mudar as coisas Me interessa mais Um preto, um pobre Uma estudante Uma mulher sozinha Blue jeans e motocicletas Pessoas cinzas normais Garotas dentro da noite Revólver: cheira cachorro Os humilhados do parque Com os seus jornais Carneiros, mesa, trabalho Meu corpo que cai do oitavo andar E a solidão das pessoas Dessas capitais A violência da noite O movimento do tráfego Um rapaz delicado e alegre Que canta e requebra É demais! Cravos, espinhas no rosto Rock, Hot Dog Play it cool, baby Doze Jovens Coloridos Dois Policiais Cumprindo o seu duro dever E defendendo o seu amor E nossa vida Cumprindo o seu duro dever E defendendo o seu amor E nossa vida Mas eu não estou interessado Em nenhuma teoria Em nenhuma fantasia Nem no algo mais Longe o profeta do terror Que a laranja mecânica anuncia Amar e mudar as coisas Me interessa mais Amar e mudar as coisas Amar e mudar as coisas Me interessa mais'
'Apesar de Você','Chico Buarque','Hoje você é quem manda Falou, tá falado Não tem discussão A minha gente hoje anda Falando de lado E olhando pro chão, viu Você que inventou esse estado E inventou de inventar Toda a escuridão Você que inventou o pecado Esqueceu-se de inventar O perdão Apesar de você Amanhã há de ser Outro dia Eu pergunto a você Onde vai se esconder Da enorme euforia Como vai proibir Quando o galo insistir Em cantar Água nova brotando E a gente se amando Sem parar Quando chegar o momento Esse meu sofrimento Vou cobrar com juros, juro Todo esse amor reprimido Esse grito contido Este samba no escuro Você que inventou a tristeza Ora, tenha a fineza De desinventar Você vai pagar e é dobrado Cada lágrima rolada Nesse meu penar Apesar de você Amanhã há de ser Outro dia Inda pago pra ver O jardim florescer Qual você não queria Você vai se amargar Vendo o dia raiar Sem lhe pedir licença E eu vou morrer de rir Que esse dia há de vir Antes do que você pensa Apesar de você Amanhã há de ser Outro dia Você vai ter que ver A manhã renascer E esbanjar poesia Como vai se explicar Vendo o céu clarear De repente, impunemente Como vai abafar Nosso coro a cantar Na sua frente Apesar de você Amanhã há de ser Outro dia Você vai se dar mal Etc. e tal Lá lá lá lá laiá'
